sheet,row,register_raw,register_start,register_end,is_range,friendly_name,description,bytes,data_type,format,access,present_from_version,extra_col_i,extra_col_j,extra_col_k,parser_note
DeviceInformationGtw08,4,1,1,1,false,,Manufacturer Code (= VAT code) of the device,20,OCTETSTRING,,R,1.00,,,,
DeviceInformationGtw08,5,2,2,2,false,,,,,,,,,,,
DeviceInformationGtw08,6,3,3,3,false,,,,,,,,,,,
DeviceInformationGtw08,7,4,4,4,false,,,,,,,,,,,
DeviceInformationGtw08,8,5,5,5,false,,,,,,,,,,,
DeviceInformationGtw08,9,6,6,6,false,,,,,,,,,,,
DeviceInformationGtw08,10,7,7,7,false,,,,,,,,,,,
DeviceInformationGtw08,11,8,8,8,false,,,,,,,,,,,
DeviceInformationGtw08,12,9,9,9,false,,,,,,,,,,,
DeviceInformationGtw08,13,10,10,10,false,,,,,,,,,,,
DeviceInformationGtw08,14,11,11,11,false,,Type of the device GTW-08,2,UINT16,,R,1.00,,,,
DeviceInformationGtw08,15,12,12,12,false,AP059,Alternative Modbus mapping,1,UINT8,"0: the register 259 is the same as the heat demand PDO (7 : Heating and 8 : Cooling) 1: for Siemens systems, register 259 (1: Cooling and 2: Heating",r/W,1.02,,,,
SystemDiscovery,4,128,128,128,false,,number of electronic Boards present on the appliance,1,UINT8,0-16,R,1.00,,,,
SystemDiscovery,5,129,129,129,false,,"Type of the device located on instance 1( CU-EHC, EEC, SCB,..)",2,UINT16,0xZZYY ZZ: device category YY: number in the category Device Category ZZ in Hex 00:CU-GH 01:CU-OH 02:EHC 14:MK (HMI) 19:SCB 1B:EEC 1E:Gateway eg 0x0008= CU_GH08,R,1.00,,,,
SystemDiscovery,6,130,130,130,false,,"Software Version of device located on instance 1( CU-EHC, EEC, SCB,..)",2,UINT16,ex 0x2001=SW02.01,R,1.00,,,,
SystemDiscovery,7,131,131,131,false,,"configurationTable Version of device located on instance 1( CU-EHC, EEC, SCB,..)",2,UINT16,ex 0x2001=P02.01,R,1.00,,,,
SystemDiscovery,8,132,132,132,false,,"Hardware Version of device located on instance 1( CU-EHC, EEC, SCB,..)",2,UINT16,ex 0x2001=HW02.01,R,1.00,,,,
SystemDiscovery,9,133,133,133,false,,"Article Number of device located on instance 1( CU-EHC, EEC, SCB,..)",4,UINT32,Unit,R,1.00,,,,
SystemDiscovery,10,135,135,135,false,,"Type of the device located on instance 2( CU-EHC, EEC, SCB,..)",2,UINT16,0xZZYY ZZ: device category YY: number in the category Device Category ZZ in Hex 00:CU-GH 01:CU-OH 02:EHC 14:MK (HMI) 19:SCB 1B:EEC 1E:Gateway eg 0x0008= CU_GH08,R,1.00,,,,
SystemDiscovery,11,136,136,136,false,,"Software Version of device located on instance 2( CU-EHC, EEC, SCB,..)",2,UINT16,ex 0x2001=SW02.01,R,1.00,,,,
SystemDiscovery,12,137,137,137,false,,"configurationTable Version of device located on instance 2( CU-EHC, EEC, SCB,..)",2,UINT16,ex 0x2001=P02.01,R,1.00,,,,
SystemDiscovery,13,138,138,138,false,,"Hardware Version of device located on instance 2( CU-EHC, EEC, SCB,..)",2,UINT16,ex 0x2001=HW02.01,R,1.00,,,,
SystemDiscovery,14,139,139,139,false,,"Article Number of device located on instance 2( CU-EHC, EEC, SCB,..)",4,UINT32,Unit,R,1.00,,,,
SystemDiscovery,15,141,141,141,false,,"Type of the device located on instance 3( CU-EHC, EEC, SCB,..)",2,UINT16,0xZZYY ZZ: device category YY: number in the category Device Category ZZ in Hex 00:CU-GH 01:CU-OH 02:EHC 14:MK (HMI) 19:SCB 1B:EEC 1E:Gateway eg 0x0008= CU_GH08,R,1.00,,,,
SystemDiscovery,16,142,142,142,false,,"Software Version of device located on instance 3( CU-EHC, EEC, SCB,..)",2,UINT16,ex 0x2001=SW02.01,R,1.00,,,,
SystemDiscovery,17,143,143,143,false,,"configurationTable Version of device located on instance 3( CU-EHC, EEC, SCB,..)",2,UINT16,ex 0x2001=P02.01,R,1.00,,,,
SystemDiscovery,18,144,144,144,false,,"Hardware Version of device located on instance 3( CU-EHC, EEC, SCB,..)",2,UINT16,ex 0x2001=HW02.01,R,1.00,,,,
SystemDiscovery,19,145,145,145,false,,"Article Number of device located on instance 3( CU-EHC, EEC, SCB,..)",4,UINT32,Unit,R,1.00,,,,
SystemDiscovery,20,147,147,147,false,,"Type of the device located on instance 4( CU-EHC, EEC, SCB,..)",2,UINT16,0xZZYY ZZ: device category YY: number in the category Device Category ZZ in Hex 00:CU-GH 01:CU-OH 02:EHC 14:MK (HMI) 19:SCB 1B:EEC 1E:Gateway eg 0x0008= CU_GH08,R,1.00,,,,
SystemDiscovery,21,148,148,148,false,,"Software Version of device located on instance 4( CU-EHC, EEC, SCB,..)",2,UINT16,ex 0x2001=SW02.01,R,1.00,,,,
SystemDiscovery,22,149,149,149,false,,"configurationTable Version of device located on instance 4( CU-EHC, EEC, SCB,..)",2,UINT16,ex 0x2001=P02.01,R,1.00,,,,
SystemDiscovery,23,150,150,150,false,,"Hardware Version of device located on instance 4( CU-EHC, EEC, SCB,..)",2,UINT16,ex 0x2001=HW02.01,R,1.00,,,,
SystemDiscovery,24,151,151,151,false,,"Article Number of device located on instance 4( CU-EHC, EEC, SCB,..)",4,UINT32,Unit,R,1.00,,,,
SystemDiscovery,25,153,153,153,false,,"Type of the device located on instance 5( CU-EHC, EEC, SCB,..)",2,UINT16,0xZZYY ZZ: device category YY: number in the category Device Category ZZ in Hex 00:CU-GH 01:CU-OH 02:EHC 15:MK (HMI) 19:SCB 1B:EEC 1E:Gateway eg 0x0008= CU_GH08,R,1.00,,,,
SystemDiscovery,26,154,154,154,false,,"Software Version of device located on instance 5( CU-EHC, EEC, SCB,..)",2,UINT16,ex 0x2001=SW02.01,R,1.00,,,,
SystemDiscovery,27,155,155,155,false,,"configurationTable Version of device located on instance 5( CU-EHC, EEC, SCB,..)",2,UINT16,ex 0x2001=P02.01,R,1.00,,,,
SystemDiscovery,28,156,156,156,false,,"Hardware Version of device located on instance 5( CU-EHC, EEC, SCB,..)",2,UINT16,ex 0x2001=HW02.01,R,1.00,,,,
SystemDiscovery,29,157,157,157,false,,"Article Number of device located on instance 5( CU-EHC, EEC, SCB,..)",5,UINT32,Unit,R,1.00,,,,
SystemDiscovery,30,159,159,159,false,,"Type of the device located on instance 6( CU-EHC, EEC, SCB,..)",2,UINT16,0xZZYY ZZ: device category YY: number in the category Device Category ZZ in Hex 00:CU-GH 01:CU-OH 02:EHC 15:MK (HMI) 19:SCB 1B:EEC 1E:Gateway eg 0x0008= CU_GH08,R,1.00,,,,
SystemDiscovery,31,160,160,160,false,,"Software Version of device located on instance 6( CU-EHC, EEC, SCB,..)",2,UINT16,ex 0x2001=SW02.01,R,1.00,,,,
SystemDiscovery,32,161,161,161,false,,"configurationTable Version of device located on instance 6( CU-EHC, EEC, SCB,..)",2,UINT16,ex 0x2001=P02.01,R,1.00,,,,
SystemDiscovery,33,162,162,162,false,,"Hardware Version of device located on instance 6( CU-EHC, EEC, SCB,..)",2,UINT16,ex 0x2001=HW02.01,R,1.00,,,,
SystemDiscovery,34,163,163,163,false,,"Article Number of device located on instance 6( CU-EHC, EEC, SCB,..)",5,UINT32,Unit,R,1.00,,,,
SystemDiscovery,35,165,165,165,false,,"Type of the device located on instance 7( CU-EHC, EEC, SCB,..)",2,UINT16,0xZZYY ZZ: device category YY: number in the category Device Category ZZ in Hex 00:CU-GH 01:CU-OH 02:EHC 15:MK (HMI) 19:SCB 1B:EEC 1E:Gateway eg 0x0008= CU_GH08,R,1.00,,,,
SystemDiscovery,36,166,166,166,false,,"Software Version of device located on instance 7( CU-EHC, EEC, SCB,..)",2,UINT16,ex 0x2001=SW02.01,R,1.00,,,,
SystemDiscovery,37,167,167,167,false,,"configurationTable Version of device located on instance 7( CU-EHC, EEC, SCB,..)",2,UINT16,ex 0x2001=P02.01,R,1.00,,,,
SystemDiscovery,38,168,168,168,false,,"Hardware Version of device located on instance 7( CU-EHC, EEC, SCB,..)",2,UINT16,ex 0x2001=HW02.01,R,1.00,,,,
SystemDiscovery,39,169,169,169,false,,"Article Number of device located on instance 7( CU-EHC, EEC, SCB,..)",5,UINT32,Unit,R,1.00,,,,
SystemDiscovery,40,171,171,171,false,,"Type of the device located on instance 8( CU-EHC, EEC, SCB,..)",2,UINT16,0xZZYY ZZ: device category YY: number in the category Device Category ZZ in Hex 00:CU-GH 01:CU-OH 02:EHC 15:MK (HMI) 19:SCB 1B:EEC 1E:Gateway eg 0x0008= CU_GH08,R,1.00,,,,
SystemDiscovery,41,172,172,172,false,,"Software Version of device located on instance 8( CU-EHC, EEC, SCB,..)",2,UINT16,ex 0x2001=SW02.01,R,1.00,,,,
SystemDiscovery,42,173,173,173,false,,"configurationTable Version of device located on instance 8( CU-EHC, EEC, SCB,..)",2,UINT16,ex 0x2001=P02.01,R,1.00,,,,
SystemDiscovery,43,174,174,174,false,,"Hardware Version of device located on instance 8( CU-EHC, EEC, SCB,..)",2,UINT16,ex 0x2001=HW02.01,R,1.00,,,,
SystemDiscovery,44,175,175,175,false,,"Article Number of device located on instance 8( CU-EHC, EEC, SCB,..)",5,UINT32,Unit,R,1.00,,,,
SystemDiscovery,45,177,177,177,false,,"Type of the device located on instance 9( CU-EHC, EEC, SCB,..)",2,UINT16,0xZZYY ZZ: device category YY: number in the category Device Category ZZ in Hex 00:CU-GH 01:CU-OH 02:EHC 15:MK (HMI) 19:SCB 1B:EEC 1E:Gateway eg 0x0008= CU_GH08,R,1.00,,,,
SystemDiscovery,46,178,178,178,false,,"Software Version of device located on instance 9( CU-EHC, EEC, SCB,..)",2,UINT16,ex 0x2001=SW02.01,R,1.00,,,,
SystemDiscovery,47,179,179,179,false,,"configurationTable Version of device located on instance 9( CU-EHC, EEC, SCB,..)",2,UINT16,ex 0x2001=P02.01,R,1.00,,,,
SystemDiscovery,48,180,180,180,false,,"Hardware Version of device located on instance 9( CU-EHC, EEC, SCB,..)",2,UINT16,ex 0x2001=HW02.01,R,1.00,,,,
SystemDiscovery,49,181,181,181,false,,"Article Number of device located on instance 9( CU-EHC, EEC, SCB,..)",5,UINT32,Unit,R,1.00,,,,
SystemDiscovery,50,183,183,183,false,,"Type of the device located on instance 9( CU-EHC, EEC, SCB,..)",2,UINT16,0xZZYY ZZ: device category YY: number in the category Device Category ZZ in Hex 00:CU-GH 01:CU-OH 02:EHC 15:MK (HMI) 19:SCB 1B:EEC 1E:Gateway eg 0x0008= CU_GH08,R,1.00,,,,
SystemDiscovery,51,184,184,184,false,,"Software Version of device located on instance 9( CU-EHC, EEC, SCB,..)",2,UINT16,ex 0x2001=SW02.01,R,1.00,,,,
SystemDiscovery,52,185,185,185,false,,"configurationTable Version of device located on instance 9( CU-EHC, EEC, SCB,..)",2,UINT16,ex 0x2001=P02.01,R,1.00,,,,
SystemDiscovery,53,186,186,186,false,,"Hardware Version of device located on instance 9( CU-EHC, EEC, SCB,..)",2,UINT16,ex 0x2001=HW02.01,R,1.00,,,,
SystemDiscovery,54,187,187,187,false,,"Article Number of device located on instance 9( CU-EHC, EEC, SCB,..)",4,UINT32,Unit,R,1.00,,,,
SystemDiscovery,55,189,189,189,false,,Number of Zones present on the appliance,1,UINT8,0 - 127,R,1.00,,,,
SystemDiscovery,56,190,190,190,false,,Number of Zones Disabled present on the appliance,1,UINT8,0 -127,R,,,,,
SystemDiscovery,57,191,191,191,false,,Number of Zones Heating present on the appliance,1,UINT8,0 -127,R,,,,,
SystemDiscovery,58,192,192,192,false,,Number of Zones Heating / Cooling present on the appliance,1,UINT8,0 -127,R,,,,,
SystemDiscovery,59,193,193,193,false,,Number of Zones DHW present on the appliance,1,UINT8,0 -127,R,,,,,
SystemDiscovery,60,194,194,194,false,,Number of Zones Process Heat present on the appliance,1,UINT8,0 -127,R,,,,,
SystemDiscovery,61,195,195,195,false,,Number of Zones Swimming Pool present on the appliance,1,UINT8,0 -127,R,,,,,
SystemDiscovery,62,196,196,196,false,,Number of Zones Others (Time Program) present on the appliance,1,UINT8,0 -127,R,,,,,
SystemDiscovery,63,197,197,197,false,,Buffer Tank is active on the appliance,1,UINT8,0 : No 1: Yes,R,,,,,
SystemDiscovery,64,198,198,198,false,,the appliance is part of a cascade,1,UINT8,0 : No 1: Cascade Master 2: Cascade Slave,R,,,,,
SystemDiscovery,65,199,199,199,false,Reserved for future use,,,,,,,,,,
SystemDiscovery,66,200,200,200,false,,Reset discovery table. Set to 0x5A to execute the order. Reset to 0 by the GTW-08,1,UINT8,,R/W,1.00,,,,
MainControlMonitoring,4,256,256,256,false,,External Remote Management: Heat demand Power setpoint to send to the CU device,1,UINT8,%,R/W,1.00,,,,
MainControlMonitoring,5,257,257,257,false,,External Remote Management: Heat demand Temperature setpoint Heating to send to the CU device,2,UINT16,"0,01°C",R/W,1.00,,,,
MainControlMonitoring,6,258,258,258,false,,External Remote Management: Type of control (Montoring or/and remote management,1,ENUM8,"0 : remote management both (Power and temperature) 1 :remote management Power; 2 :remote management Temperature 3 : None,remote monotoring only",R/W,1.00,,,,
MainControlMonitoring,7,259,259,259,false,,External Remote Management: Type of heat demand,1,ENUM8,0 : None 7 : Heating 8 : Cooling,R/W,1.00,,,,
MainControlMonitoring,8,260,260,260,false,,External Remote Management: Heat demand Temperature setpoint Cooling to send to the CU device,2,INT16,"0,01°C",R/W,1.02,,,,
MainControlMonitoring,9,261-271,261,271,true,reserved for futur use,,,,,,,,,,reserved range in source; not expanded for gap count
MainControlMonitoring,10,272,272,272,false,,Actual power output (Collection of all Actual power received from connected boiler),1,UINT8,%,R,1.00,,,,
MainControlMonitoring,11,273,273,273,false,,Appliance Flow Temperature,2,INT16,"0,01°C",R,1.00,,,,
MainControlMonitoring,12,274,274,274,false,,Appliance Return Temperature,2,INT16,"0,01°C",R,1.00,,,,
MainControlMonitoring,13,275,275,275,false,,Status bitfield of the appliance/cascade,1,UINT8,Bit 0: Direct zones allowed to run Bit 1: Mixing circuits allowed to run Bit 2: all valves open/ pump running within safety Bit 3: Manual heat demand active Bit 4: CoolingAllowed Bit 5: DHW circuits allowed to run Bit 6: Heat Engine Active Bit 7: Padding,R,1.00,,,,
MainControlMonitoring,14,276,276,276,false,,Special Status bitfield of the appliance /cascade,1,UINT8,Bit 0: Shutdown Bit 1: Heating Bit 2: Cooling Bit 3: Screed drying Bit 4: Electric Bit 5: FrostProtection Bit 6: SummerWinter Bit 7: SummerNeutralBand,R,1.00,,,,
MainControlMonitoring,15,277,277,277,false,,Appliance Current error (0xFFFF means no error),2,UINT16,"0xFFFF= 65535 : No error otherwise error (eg 0x0207 = ""02.07"" Water pressure error Cf manual)",R,1.00,,,,
MainControlMonitoring,16,278,278,278,false,,Appliance error priority,1,ENUM8,0 : Locking 3 : Blocking 6 : Warning 255 : No error,R,1.00,,,,
MainControlMonitoring,17,279,279,279,false,,Appliance status 1,1,UINT8,Bit 0: Flame or heat generator on Bit 1: Heat pump is on Bit 2: Electrical Backup 1 On Bit 3: Electrical Backup 2 On Bit 4: DHW Electrical Backup On Bit 5: Service Required Bit 6: Power-Down Reset Needed Bit 7: Water Pressure Low,R,1.00,,,,
MainControlMonitoring,18,280,280,280,false,,Appliance status 2,1,UINT8,Bit 0: Pump running Bit 1: Three Way Valve Open Bit 2: Three Way Valve Bit 3: Three Way Valve Closed Bit 4: DHW Active Bit 5: CH Active Bit 6: Cooling Active Bit 7: Solar Active,R,1.00,,,,
MainControlMonitoring,19,281-287,281,287,true,reserved for futur use,,,,,,,,,,reserved range in source; not expanded for gap count
MainControlMonitoring,20,288,288,288,false,PC002,Counter burner starts,4,UINT32,Unit,R,1.00,,,,
MainControlMonitoring,22,290,290,290,false,PC003,Counter Burning Hours,4,UINT32,Hours,R,1.00,,,,
MainControlMonitoring,24,292,292,292,false,AC002,Number of hours appliance was active after service,2,UINT16,2Hours,R,1.00,,,,
MainControlMonitoring,25,293,293,293,false,AC004,Number of successful Compressor Starts after service,4,UINT32,Unit,R,1.00,,,,
MainControlMonitoring,27,295,295,295,false,AC030,counter Backup1 starts,4,UINT32,Unit,R,1.00,,,,
MainControlMonitoring,29,297,297,297,false,AC028,counter Backup1 Hours,4,UINT32,Unit,R,1.00,,,,
MainControlMonitoring,31,299,299,299,false,AC031,counter Backup2 starts,4,UINT32,Unit,R,1.00,,,,
MainControlMonitoring,33,301,301,301,false,AC029,counter Backup2 Hours,4,UINT32,Hours,R,1.00,,,,
MainControlMonitoring,35,303,303,303,false,AC001,Number of hours appliance was active,4,UINT32,Hours,R,1.00,,,,
MainControlMonitoring,37,305-339,305,339,true,,,,,,,,,,,range row in source; not expanded automatically
MainControlMonitoring,38,340,340,340,false,,Status bitfields number 1. Relevant for the HMI output,1,UINT8,-,R,1.02,,,,
MainControlMonitoring,39,341,341,341,false,,Status bitfields number 2. Relevant for the HMI output,1,UINT8,-,R,1.02,,,,
MainControlMonitoring,40,342,342,342,false,,Status bitfields number 3. Relevant for the HMI output,1,UINT8,-,R,1.02,,,,
MainControlMonitoring,41,343-349,343,349,true,,,,,,,,,,,range row in source; not expanded automatically
MainControlMonitoring,42,350,350,350,false,AP050,Appliance Time,,OCTETSTRING,"Absolute time in milliseconds after midnight and the number of days since January 1, 1984",R/W,1.00,,,,
Boiler(Appliance),4,384,384,384,false,AM027,Outside temperature measure,2,INT16,"0,01°C",R,1.00,,,,
Boiler(Appliance),5,385,385,385,false,AM091,Seasonal mode active,1,ENUM8,0: Winter 1:Winter Frost Protection 2:Summer neutral band 3: Summer,R,1.00,,,,
Boiler(Appliance),6,386,386,386,false,AP073,"Outdoor temperature: upper limit for heating (30,5 means disabled)",2,UINT16,"0,01°C",R/W,1.00,,,,
Boiler(Appliance),7,387,387,387,false,AP075,Only used when genertor could use cooling .Neutral band in which the HP is deactivated,2,UINT16,"0,01°C",R/W,1.00,,,,
Boiler(Appliance),8,388,388,388,false,AP080,Outside temperature below which the antifreeze protection is activated,2,INT16,"0,01°C",R/W,1.00,,,,
Boiler(Appliance),9,389,389,389,false,AP074,The heating is stopped. Hot water is maintained. Force Summer Mode,1,ENUM8,0: Off 1: On,R/W,1.01,,,,
Boiler(Appliance),10,390,390,390,false,,Alarm codes when there is an alarm condition,2,INT16,1,R,"1,03",,,,
Boiler(Appliance),11,390-399,390,399,true,Reserved for futur use,,,,,,,,,,reserved range in source; not expanded for gap count
Boiler(Appliance),12,400,400,400,false,AM016,Flow temperature,2,INT16,"0,01°C",R,1.00,,,,
Boiler(Appliance),13,401,401,401,false,AM018,Return temperature,2,INT16,"0,01°C",R,1.00,,,,
Boiler(Appliance),14,402,402,402,false,AM036,Flue gas temperature,2,INT16,"0,01°C",R,1.00,,,,
Boiler(Appliance),15,403,403,403,false,HM001,heat pump Flow Temperature,2,INT16,"0,01°C",R,1.00,,,,
Boiler(Appliance),16,404,404,404,false,HM002,heat pump return Temperature,2,INT16,"0,01°C",R,1.00,,,,
Boiler(Appliance),17,405,405,405,false,AM101,Internal setpoint used for hot water production,2,UINT16,"0,01°C",R,1.00,,,,
Boiler(Appliance),18,406,406,406,false,PM002,Central heating setpoint of the appliance,2,UINT16,"0,01°C",R,1.00,,,,
Boiler(Appliance),19,407,407,407,false,HM033,Flow temperature setpoint in cooling mode,2,UINT16,"0,01°C",R,1.00,,,,
Boiler(Appliance),20,408,408,408,false,DM004,Flow temperature setpoint Domestic Hot Water,2,UINT16,"0,01°C",R,1.00,,,,
Boiler(Appliance),21,409,409,409,false,AM019,actual Water pressure,1,UINT8,"0,1 bar",R,1.00,,,,
Boiler(Appliance),22,410,410,410,false,AM056,Flow rate,2,UINT16,"0,01l/min",R,1.00,,,,
Boiler(Appliance),23,411,411,411,false,AM012,Status of appliance,1,ENUM8,0-255 cf appliance manual,R,1.00,,,,
Boiler(Appliance),24,412,412,412,false,AM014,Sub Status of appliance,1,ENUM8,0-255 cf appliance manual,R,1.00,,,,
Boiler(Appliance),25,413,413,413,false,AM024,Actual relative power produced,2,UINT16,1E-4,R,1.00,,,,
Boiler(Appliance),26,414,414,414,false,GM011,Power setpoint in % of max,2,UINT16,1E-4,R,1.00,,,,
Boiler(Appliance),27,415,415,415,false,GM008,Actual flame current measured,1,UINT8,"0,1 µA",R,1.00,,,,
Boiler(Appliance),28,416,416,416,false,,Internal heat demand - Power,1,UINT8,0.01,R,1.00,,,,
Boiler(Appliance),29,417,417,417,false,,Internal heat demand - temperature Setpoint,2,INT16,"0,01°C",R,,,,,
Boiler(Appliance),30,418,418,418,false,,Internal heat demand - heatdemandType,2,UINT8,0 : None 1 : DHW primary 2 : DHW high priority 3 : Process heat 4 : Screed Drying 5 : DHW medium priority 6 : DHW low priority 7 : Central Heating 8 : Cooling 9 : Electrical active 10: Electrical Reactive,R,,,,,
Boiler(Appliance),31,419,419,419,false,PC002,Counter burner/compressor starts,4,UINT32,Unit,R,1.00,,,,
Boiler(Appliance),33,421,421,421,false,PC003,Counter Burning Hours,4,UINT32,Hours,R,1.00,,,,
Boiler(Appliance),35,423,423,423,false,AC030,counter Backup1 starts,4,UINT32,Unit,R,1.00,,,,
Boiler(Appliance),37,425,425,425,false,AC028,counter Backup1 Hours,4,UINT32,Hours,R,1.00,,,,
Boiler(Appliance),39,427,427,427,false,AC031,counter Backup2 starts,4,UINT32,Unit,R,1.00,,,,
Boiler(Appliance),41,429,429,429,false,AC029,counter Backup2 Hours,4,UINT32,Hours,R,1.00,,,,
Boiler(Appliance),43,431,431,431,false,AC001,Number of hours appliance was active,4,UINT32,Hours,R,1.00,,,,
Boiler(Appliance),45,433,433,433,false,AC005,Total energy consumed for production of central heat,4,UINT32,1 kWh,R,1.00,,,,
Boiler(Appliance),47,435,435,435,false,AC006,Total energy consumed for production of domestic hot water.,4,UINT32,1 kWh,R,1.00,,,,
Boiler(Appliance),49,437,437,437,false,AC007,Total energy consumed for cooling production,4,UINT32,1 kWh,R,1.00,,,,
Boiler(Appliance),51,438,438,438,false,,,,,,,,,,,
Boiler(Appliance),52,439,439,439,false,,Total energy consumed in the current year(kWh),4,UINT32,kWh,R,1.02,,,,
Boiler(Appliance),53,441,441,441,false,AC018,Total energy consumed by eletrical or hydraulic backup,4,UINT32,kWh,R,1.02,,,,
Boiler(Appliance),54,443,443,443,false,,Total energy delivered in the current year,4,UINT32,kWh,R,1.02,,,,
Boiler(Appliance),55,445,445,445,false,AC008,Energy delivered for Central Heating,4,UINT32,kWh,R,1.02,,,,
Boiler(Appliance),56,447,447,447,false,AC009,Energy delivered for Domestic Hot Water,4,UINT32,kWh,R,1.02,,,,
Boiler(Appliance),57,449,449,449,false,AC010,Energy delivered for cooling,4,UINT32,kWh,R,1.02,,,,
Boiler(Appliance),58,451,451,451,false,AC019,Energy delivered fy Electrical or Hydraulic backup,4,UINT32,kWh,R,1.02,,,,
Boiler(Appliance),59,453,453,453,false,HM069,current speed of the condenser pump,2,UINT16,1E-3,R,1.02,,,,
Boiler(Appliance),60,454,454,454,false,HC000,counter of the operating hours of the condenser pump (also called Hp Pump),4,UINT32,Hours,R,1.02,,,,
Boiler(Appliance),61,456,456,456,false,HM062,"the actual current of the ODU as measured by the ODU, is used in the ODU unit to protect against too high current",2,UINT16,"0,1A",R,1.02,,,,
Boiler(Appliance),62,457,457,457,false,,"operation mode of the outdoor unit, in the current contrôle scheme onfle the HEAT(1) and COOL(2) modes are used, The current default is HEAT(1)",2,UINT16,0 : standby 1 : heating 2 : DHW high priority 3 : cooling,R,1.02,,,,
Boiler(Appliance),63,458,458,458,false,HM003,system flow temperature setpoint including backups,2,UINT16,"0,01°C",R,1.02,,,,
Boiler(Appliance),64,459,459,459,false,AM010,current pump speed,2,UINT16,1E-3,R,1.02,,,,
Boiler(Appliance),65,460,460,460,false,AM047,signal used to capture actual power calculation,4,UINT32,"0,01kW",R,1.02,,,,
Boiler(Appliance),66,462,462,462,false,HM031,Instantaneous COP calculated by Hybrid application,2,UINT16,1E-3,R,1.03,,,,
Boiler(Appliance),67,463,463,463,false,HM032,COP threshold calculated by hybrid,2,UINT16,1E-3,R,1.03,,,,
Boiler(Appliance),68,464,464,464,false,HP061,Hybrid mode selected,1,ENUM8,0 : No Hybrid 1 : Hybrid Cost 2 : Hybrid Primary Energy 3 : Hybrid CO2,R/W,1.03,,,,
Boiler(Appliance),69,465,465,465,false,HP062,Hybrid Electricity cost in high tarif,1,UINT8,1,R/W,1.03,,,,
Boiler(Appliance),70,466,466,466,false,HP063,Hybrid Electricity cost in low tarif,1,UINT8,1,R/W,1.03,,,,
Boiler(Appliance),71,467,467,467,false,HP064,cost of ofssil energy (oil or gas) - piece per litre or peu m3,1,UINT8,1,R/W,1.03,,,,
Boiler(Appliance),72,468,468,468,false,HP065,Electrical CO2 emission in heating mode,1,UINT8,1,R/W,1.03,,,,
Boiler(Appliance),73,469,469,469,false,HP066,Electrical CO2 emission in DHW mode,1,UINT8,1,R/W,1.03,,,,
Boiler(Appliance),74,470,470,470,false,HP067,Gas or Oil CO2 emission,1,UINT8,1,R/W,1.03,,,,
Boiler(Appliance),75,471,471,471,false,HP068,Boiler in appliance efficiency,1,UINT8,0.01,R/W,1.03,,,,
Boiler(Appliance),76,472,472,472,false,HP054,COP threshold above which heat pump is authorized to operate when hybrid mode is primary energy,2,UINT16,0.01,R/W,1.03,,,,
Boiler(Appliance),77,473,473,473,false,AP098,Logic contact to take into account for Blocking input 1,1,ENUM8,0 : Open 1 : Closed,R/W,1.02,,,,
Boiler(Appliance),78,474,474,474,false,AP099,Logic contact to take into account for Blocking input 2,1,ENUM8,0 : Open 1 : Closed,R/W,1.02,,,,
Boiler(Appliance),79,475,475,475,false,AP100,Blocking input 2 setting,1,ENUM8,0 : Not Used 1 : Full Blocking 2 : Partial Blocking 3 : User Reset Locking 4 : Backup Relieved 5 : Generator Relieved 6 : Generator And Backup relieved 7 : High Tarif - Low Tarif 8 : Photovoltaic Heat Pump Only 9 : Photovoltaic Heat Pump and Backup 10: Smart Grid Ready 11: Heating Colling 12: Central Heating Blocking,R/W,1.02,,,,
Boiler(Appliance),80,476,476,476,false,AP001,Function blocking input,1,ENUM8,0 : Not Used 1 : Full Blocking 2 : Partial Blocking 3 : User Reset Locking 4 : Backup Relieved 5 : Generator Relieved 6 : Generator And Backup relieved 7 : High Tarif - Low Tarif 8 : Photovoltaic Heat Pump Only 9 : Photovoltaic Heat Pump and Backup 10: Smart Grid Ready 11: Heating Colling 12: Central Heating Blocking,R/W,1.02,,,,
Boiler(Appliance),81,477,477,477,false,DP048,Minimum heating time before Domestic Hot Water production,1,UINT8,1H,R/W,1.02,,,,
Boiler(Appliance),82,478,478,478,false,DP047,Maximum time allowed to produce Domestic Hot Water,1,UINT8,1H,R/W,1.02,,,,
Boiler(Appliance),83,479,479,479,false,DP051,Domestic Hot Water ECO or COMFORT setting,1,ENUM8,0 : Eco Only HP 1: Comfort HP Boiler,R/W,1.02,,,,
Boiler(Appliance),84,480,480,480,false,AM002,Low Noise Mode state,1,ENUM8,0: NoSilentMode 1: Silent Mode Level 1 2: Silent Mode Level 2 3: Silent Mode Level 3 4: Silent Mode Level 4 5: Silent Mode Level 5,R,1.02,,,,
Boiler(Appliance),85,481,481,481,false,HM009,Heat Pump Defrost,1,ENUM8,0 : No 1: Yes,R,1.02,,,,
Boiler(Appliance),86,482,482,482,false,HP029,Set the type of backup used in the heat pump.,1,ENUM8,0 : NoBackUp 1 : 1 stage Electrical BackUp 2 : 2 stages Electrical Backup 3: Boiler BackUp,R/W,1.03,,,,
Boiler(Appliance),87,483,483,483,false,,Actual relative power produced for PDO output,1,UINT8,0.01,R,1.03,,,,
Boiler(Appliance),88,484,484,484,false,HP062,Hybrid Electricity cost in high tarif accurate,2,UINT16,0.01,R/W,1.03,,,,
Boiler(Appliance),89,485,485,485,false,HP063,Hybrid Electricity cost in low tarif accurate,2,UINT16,0.01,R/W,1.03,,,,
Boiler(Appliance),90,486,486,486,false,HP064,Cost of fossil energy (oil or gas) - price per liter or per m3 accurate,2,UINT16,0.01,R/W,1.03,,,,
Boiler(Appliance),91,487,487,487,false,HP000,Outside temperature level above which the backup operation is blocked for a standard heating mode,2,INT16,0.01°C,R/W,1.03,,,,
Boiler(Appliance),92,488,488,488,false,HP030,Delay for starting the next generator (backup stage) in central heating mode,2,UINT16,1 min,R/W,1.03,,,,
Boiler(Appliance),93,489,489,489,false,HP051,Minimum oustide temperature below which Heat Pump is stopped,2,INT16,0.01°C,R/W,1.03,,,,
Boiler(Appliance),94,490,490,490,false,HP058,Enabling Heat pump Silent mode,1,ENUM8,0: NoSilentMode 1: SilentModeLevel1 2: SilentModeLevel2 3: SilentModeLevel3 4: SilentModeLevel4 5: SilentModeLevel5,R/W,1.03,,,,
Boiler(Appliance),95,491,491,491,false,HP094,Start time for low noise function,1,UINT8,1 Hour minute,R/W,1.03,,,,
Boiler(Appliance),96,492,492,492,false,HP095,stop time for low noise,1,UINT8,1 Hour Minute,R/W,1.03,,,,
Boiler(Appliance),97,493,493,493,false,AC027,Total amount of pump starts,4,UINT32,1,R,1.03,,,,
Boiler(Appliance),98,495-499,495,499,true,Reserved for futur use,,,,,,,,,,reserved range in source; not expanded for gap count
Boiler(Appliance),99,500,500,500,false,AP016,Enable central heating heat demand processing,1,ENUM8,0: Off 1: On,R/W,1.01,,,,
Boiler(Appliance),100,501,501,501,false,AP017,Enable domestic hot water heat demand processing,1,ENUM8,0: Off 1: On,R/W,1.01,,,,
Boiler(Appliance),101,502,502,502,false,AP028,Defines the type of cooling used either active or free cooling:,1,ENUM8,0 : OFF 1: Active cooling on 2: Free cooling on,R/W,1.01,,,,
Boiler(Appliance),102,503,503,503,false,AP015,Force manually the heat pump in cooling mode,1,ENUM8,0: No 1: Yes,R/W,1.01,,,,
Service,4,512,512,512,false,AM011,Service is required,1,ENUM8,0: No 1: Yes,R,1.00,,,,
Service,5,513,513,513,false,,Current or upcoming service notification,1,ENUM8,"Next Service (CF Manual) 1=A, 2=B, 3=C, 4=Custom",R,1.00,,,,
Service,6,514,514,514,false,AC002,Number of hours appliance was active after service,2,UINT16,2 Hours (eg 0x500 = 2560 Hours,R,1.00,,,,
Service,7,515,515,515,false,AC003,Number of hours since the previous servicing of the appliance,2,UINT16,2 Hours,R,1.00,,,,
Service,8,516,516,516,false,AC004,Number of successful generator starts since the previous servicing,4,UINT32,Unit,R,1.00,,,,
Service,9,518-530,518,530,true,Reserved for futur use,,,,,,,,,,reserved range in source; not expanded for gap count
Service,10,530,530,530,false,,Current error generic code,2,UINT16,0-255,R,,,,,
Service,11,531,531,531,false,,Error present on the appliance,1,ENUM8,0: No error 1: at least One of device on the appliance had an error,R,1.00,,,,
Service,12,532,532,532,false,,Code error of the device located on instance 1(CF System Discovery table Modbus Address 129),2,UINT16,"0xFFFF: No error 0xFFFE: Device Not availabe otherwise error (eg 0x0207 = ""02.07"" Water pressure error Cf manual)",R,1.00,,,,
Service,13,533,533,533,false,,Error gravity error of the device located on instance 1,1,ENUM8,0 : Locking 3 : Blocking 6 : Warning 0xFF : no error 0xFE : Device Not availabe (since version 1.01),R,1.00,,,,
Service,14,534,534,534,false,,Code error of the device located on instance 2(CF System Discovery table Modbus Address 135),2,UINT16,"0xFFFF: No error otherwise error (eg 0x0207 = ""02.07"" Water pressure error Cf manual)",R,1.00,,,,
Service,15,535,535,535,false,,Error gravity error of the device located on instance 2,1,ENUM8,0 : Locking 3 : Blocking 6 : Warning 0xFE : Device Not availabe (since version 1.01),R,1.00,,,,
Service,16,536,536,536,false,,Code error of the device located on instance 3(CF System Discovery table Modbus Address 141),2,UINT16,"0xFFFF: No error 0xFFFE: Device Not availabe otherwise error (eg 0x0207 = ""02.07"" Water pressure error Cf manual)",R,1.00,,,,
Service,17,537,537,537,false,,Error gravity error of the device located on instance 3,1,ENUM8,0 : Locking 3 : Blocking 6 : Warning 0xFE : Device Not availabe (since version 1.01),R,1.00,,,,
Service,18,538,538,538,false,,Code error of the device located on instance 4(CF System Discovery table Modbus Address 147),2,UINT16,"0xFFFF: No error 0xFFFE: Device Not availabe otherwise error (eg 0x0207 = ""02.07"" Water pressure error Cf manual)",R,1.00,,,,
Service,19,539,539,539,false,,Error gravity error of the device located on instance 4,1,ENUM8,0 : Locking 3 : Blocking 6 : Warning 0xFE : Device Not availabe (since version 1.01),R,1.00,,,,
Service,20,540,540,540,false,,Code error of the device located on instance 5(CF System Discovery table Modbus Address 153),2,UINT16,"0xFFFF: No error 0xFFFE: Device Not availabe otherwise error (eg 0x0207 = ""02.07"" Water pressure error Cf manual)",R,1.00,,,,
Service,21,541,541,541,false,,Error gravity error of the device located on instance 5,1,ENUM8,0 : Locking 3 : Blocking 6 : Warning 0xFE : Device Not availabe (since version 1.01),R,1.00,,,,
Service,22,542,542,542,false,,Code error of the device located on instance 6(CF System Discovery table Modbus Address 159),2,UINT16,"0xFFFF: No error 0xFFFE: Device Not availabe otherwise error (eg 0x0207 = ""02.07"" Water pressure error Cf manual)",R,1.00,,,,
Service,23,543,543,543,false,,Error gravity error of the device located on instance 6,1,ENUM8,0 : Locking 3 : Blocking 6 : Warning 0xFE : Device Not availabe (since version 1.01),R,1.00,,,,
Service,24,544,544,544,false,,Code error of the device located on instance 7(CF System Discovery table Modbus Address 165),2,UINT16,"0xFFFF: No error 0xFFFE: Device Not availabe otherwise error (eg 0x0207 = ""02.07"" Water pressure error Cf manual)",R,1.00,,,,
Service,25,545,545,545,false,,Error gravity error of the device located on instance 7,1,ENUM8,0 : Locking 3 : Blocking 6 : Warning 0xFE : Device Not availabe (since version 1.01),R,1.00,,,,
Service,26,546,546,546,false,,Code error of the device located on instance 8(CF System Discovery table Modbus Address 171),2,UINT16,"0xFFFF: No error 0xFFFE: Device Not availabe otherwise error (eg 0x0207 = ""02.07"" Water pressure error Cf manual)",R,1.00,,,,
Service,27,547,547,547,false,,Error gravity error of the device located on instance 8,1,ENUM8,0 : Locking 3 : Blocking 6 : Warning 0xFE : Device Not availabe (since version 1.01),R,1.00,,,,
Service,28,548,548,548,false,,Code error of the device located on instance 9(CF System Discovery table Modbus Address 177),2,UINT16,"0xFFFF: No error 0xFFFE: Device Not availabe otherwise error (eg 0x0207 = ""02.07"" Water pressure error Cf manual)",R,1.00,,,,
Service,29,549,549,549,false,,Error gravity error of the device located on instance 9,1,ENUM8,0 : Locking 3 : Blocking 6 : Warning 0xFE : Device Not availabe (since version 1.01),R,1.00,,,,
Service,30,550,550,550,false,,Code error of the device located on instance 10(CF System Discovery table Modbus Address 183),2,UINT16,"0xFFFF: No error 0xFFFE: Device Not availabe otherwise error (eg 0x0207 = ""02.07"" Water pressure error Cf manual)",R,1.00,,,,
Service,31,551,551,551,false,,Error gravity error of the device located on instance 10,1,ENUM8,0 : Locking 3 : Blocking 6 : Warning 0xFE : Device Not availabe (since version 1.01),R,1.00,,,,
Zones X12,6,640,640,640,false,3200,,Type of the zone requested,1,ENUM8,0: Not Present 1: CH Only 2: CH + COOLING 3 : DHW 4: Process Heat 5: Swimming Pool 254 : Other (e.g. Time Program),R,1.00,,,
Zones X12,7,641,641,641,false,3201,CP020 to CP029,Function of zone,1,ENUM8,0 : Disabled 1: Direct 2: Mixing Circuit 3: Swimming Pool 4: High Temperature 5: Fan Convector 6 : DHW Tank 7: Electrical DHW Tank 8: Time Program 9: Process Heat 10 : DHW Layered 11 DHW BIC 12 : DHW commercial Tank 254:DHW primary,R,1.00,,,
Zones X12,8,642,642,642,false,3202,,Zone Short Name,6,VISIBLE_STRING,"eg ""CIRCA1""",R,1.00,,,
Zones X12,11,643-644,643,644,true,Reserved for futur use,,,,,,,,,,reserved range in source; not expanded for gap count
Zones X12,12,645,645,645,false,3205,,Device Type of the board where the zone is located,2,UINT16,0xZZYY ZZ: device category YY: number in the category Device Category ZZ in Hex 00:CU-GH 01:CU-OH 02:EHC 14:MK (HMI) 19:SCB 1B:EEC 1E:Gateway eg 0x0008= CU_GH08,R,1.00,,,
Zones X12,13,646,646,646,false,3206,,device instance owning the zone (CF system discovery Table),1,UINT8,,R,1.00,,,
Zones X12,14,647,647,647,false,Reserved for futur use,,,,,,,,,,
Zones X12,15,648,648,648,false,3208,CP010 to CP019,Temperature setpoint for Zone when Outside sensor not present,2,UINT16,"0,01°C",R/W,1.00,,,
Zones X12,16,649,649,649,false,3209,CP320 to CP329 or DP200,Mode Zone Working,1,ENUM8,0:Scheduling 1:Manual 2:Antifrost,R/W,1.00,,,
Zones X12,17,650,650,650,false,3210,CP080/CP086/CP092/CP098/CP104 CP110/CP116/CP122/CP128/CP134,Setpoint temperature of the user activity per zone,2,UINT16,"0,1°C",R/W,1.00,,,
Zones X12,18,651,651,651,false,3211,CP081/CP087/CP093/CP099/CP105 CP111/CP117/CP123/CP129/CP135,Setpoint temperature of the user activity per zone,2,UINT16,"0,1°C",R/W,1.00,,,
Zones X12,19,652,652,652,false,3212,CP082/CP088/CP094/CP100/CP106 CP111/CP117/CP123/CP130/CP136,Setpoint temperature of the user activity per zone,2,UINT16,"0,1°C",R/W,1.00,,,
Zones X12,20,653,653,653,false,3213,CP083/CP093/CP103/CP113/CP123 CP133/CP143/CP153/CP163/CP137,Setpoint temperature of the user activity per zone,2,UINT16,"0,1°C",R/W,1.00,,,
Zones X12,21,654,654,654,false,3214,CP084/CP094/CP104/CP114/CP124 CP134/CP144/CP154/CP164/CP138,Setpoint temperature of the user activity per zone,2,UINT16,"0,1°C",R/W,1.00,,,
Zones X12,22,655,655,655,false,3215,CP070 to CP079,Room setpoint to switch from comfort to reduce in heating mode,2,UINT16,"0,1°C",R/W,1.00,,,
Zones X12,23,656,656,656,false,3216,CP140/CP146/CP152/CP158/CP164 CP170/CP176/CP182/CP188/CP194,Room Setpoint temperature of the user activity per zone in cooling,2,UINT16,"0,1°C",R/W,1.00,,,
Zones X12,24,657,657,657,false,3217,CP141/CP147/CP153/CP159/CP165 CP171/CP177/CP183/CP189/CP195,Room Setpoint temperature of the user activity per zone in cooling,2,UINT16,"0,1°C",R/W,1.00,,,
Zones X12,25,658,658,658,false,3218,CP142/CP148/CP154/CP160/CP166 CP172/CP178/CP184/CP190/CP196,Room Setpoint temperature of the user activity per zone in cooling,2,UINT16,"0,1°C",R/W,1.00,,,
Zones X12,26,659,659,659,false,3219,CP143/CP149/CP155/CP161/CP167 CP173/CP179/CP185/CP191/CP197,Room Setpoint temperature of the user activity per zone in cooling,2,UINT16,"0,1°C",R/W,1.00,,,
Zones X12,27,660,660,660,false,3220,CP144/CP150/CP156/CP162/CP168 CP174/CP150/CP186/CP192/CP198,Room Setpoint temperature of the user activity per zone in cooling,2,UINT16,"0,1°C",R/W,1.00,,,
Zones X12,28,661,661,661,false,3221,CP650 to CP659,Room setpoint to switch from comfort to reduce in cooling mode,2,UINT16,"0,1°C",R/W,1.00,,,
Zones X12,29,662,662,662,false,3222,CP060 to CP069,Wished room temperature in holiday period of the zone,2,UINT16,"0,1°C",R/W,1.00,,,
Zones X12,30,663,663,663,false,3223,CP510 to CP519,Temporary room setpoint per zone,2,UINT16,"0,1°C",R/W,1.00,,,
Zones X12,31,664,664,664,false,3224,CP200 to CP209,Manually set wished room temperature of the zone,2,UINT16,"0,1°C",R/W,1.00,,,
Zones X12,32,665,665,665,false,3225,CP350 to CP359 or DP070,Wished comfort domestic hot water temperature,2,UINT16,"0,01°C",R/W,1.00,,,
Zones X12,33,666,666,666,false,3226,CP360 to CP369 or DP080,Wished reduced domestic hot water temperature,2,UINT16,"0,01°C",R/W,1.00,,,
Zones X12,34,667,667,667,false,3227,CP370 to CP379 or DP337,Wished holiday domestic hot water temperature,2,UINT16,"0,01°C",R/W,1.00,,,
Zones X12,35,668,668,668,false,3228,CP380 to CP389 or DP160,Antilegionel setpoint for zone Tank,2,UINT16,"0,01°C",R/W,1.00,,,
Zones X12,36,669,669,669,false,3229,CP540 to CP549,Swimming pool temperature set point requested,2,UINT16,"0,01°C",R/W,1.00,,,
Zones X12,37,670,670,670,false,3230,CP600 to CP609 or DP070,"Setpoint during ""Process Heat"" heat demand",2,UINT16,"0,01°C",R/W,1.01,,,
Zones X12,38,671,671,671,false,3231,CP780 to CP789,Use the room control and/or weather-compensated control strategies for flow setpoint calculation,1,ENUM8,0: AUTO (switch to the most accurate mode) 1: Room Temperature Control RTC 2:Oustide Temperature Control OTC 3: Outside and Room Temperature Control OTC+RTC,R/W,1.00,,,
Zones X12,39,672,672,672,false,3232,CP000 to CP009 or DP046,Zone Maximal Flow temperature setpoint,2,UINT16,"0,01°C",R/W,1.00,,,
Zones X12,40,673,673,673,false,3233,CP270 to CP279,Flow temperature set point requested during cooling,2,UINT16,"0,01°C",R/W,1.00,,,
Zones X12,41,674,674,674,false,3234,CP230 to CP239,Slope of the heat curve of the zone,1,UINT8,0.1,R/W,1.00,,,
Zones X12,42,675,675,675,false,3235,CP210 to CP219,Curve base temperature in comfort mode,2,UINT16,"0,1°C (15°C = OFF)",R/W,1.00,,,
Zones X12,43,676,676,676,false,3236,CP220 to CP229,Curve base temperature in reduce mode,2,UINT16,"0,1°C (15°C = OFF)",R/W,1.00,,,
Zones X12,44,677,677,677,false,3237,CP750 to CP759,Maximum pre-heat time,2,UINT16,1 Min,R/W,1.00,,,
Zones X12,45,678,678,678,false,3238,CP050 to CP059,Shift between setpoint calculated and setpoint send to consumer manager for mixing zone,2,UINT16,"0,01°C",R/W,1.00,,,
Zones X12,46,679,679,679,false,3239,CP030 to CP039,"Bandwith of mixing valve of zone in which modulation takes place.If zone doesn't have a mixing valve, parameter will be ignored for that zone.",2,UINT16,"0,01°C",R/W,1.00,,,
Zones X12,47,680,680,680,false,3240,CP420 to CP429 or DP006,hysteresis DHW tank loading,2,UINT16,"0,01°C",R/W,1.00,,,
Zones X12,48,681,681,681,false,3241,CP700 to CP709 or DP034,Dhw Calorifier Offset,2,UINT16,"0,01°C",R/W,1.00,,,
Zones X12,49,682,682,682,false,3242,CP710 to CP719 or DP005,Increase flow temperature setpoint above required tank temp. Delta T to heat the tank,2,UINT16,"0,01°C",R/W,1.00,,,
Zones X12,50,683,683,683,false,3243,CP610 to CP619,Hysteresis switched on for Process Heat per zone,2,UINT16,"0,01°C",R/W,1.00,,,
Zones X12,51,684,684,684,false,3244,CP620 to CP629,Hysteresis switched off for Process Heat per zone,2,UINT16,"0,01°C",R/W,1.00,,,
Zones X12,52,685,685,685,false,3245,CP720 to CP729,Increase flow temperature setpoint above required tank temp. Delta T to heat the tank,2,UINT16,"0,01°C",R/W,1.00,,,
Zones X12,53,686,686,686,false,3246,CP420 to CP429 or DP120,hysteresis to start DHW tank load,2,UINT16,"0,01°C",R/W,1.01,,,
Zones X12,54,687,687,687,false,3247,CP040 to CP049 or DP020,Delay of post operation of the zone pump,1,UINT8,1 Min (DP020 : Sec),R/W,1.00,,,
Zones X12,55,688,688,688,false,3248,CP570 to CP579 or DP060,Time Program Selected by the user,1,ENUM8,0:Schedule 1 1 : Schedule 2 2 : Schedule 3,R/W,1.00,,,
Zones X12,56,689,689,689,false,3249,,Time program 1,20,OCTET_STRING,,R/W,1.00,,,
Zones X12,57,699,699,699,false,3259,,,20,OCTET_STRING,,R/W,1.00,,,
Zones X12,58,709,709,709,false,3269,,,20,OCTET_STRING,,R/W,1.00,,,
Zones X12,59,719,719,719,false,3279,,,20,OCTET_STRING,,R/W,1.00,,,
Zones X12,60,729,729,729,false,3289,,,20,OCTET_STRING,,R/W,1.00,,,
Zones X12,61,739,739,739,false,3299,,,20,OCTET_STRING,,R/W,1.00,,,
Zones X12,62,749,749,749,false,3309,,,20,OCTET_STRING,,R/W,1.00,,,
Zones X12,63,759,759,759,false,3319,,Time program 2,20,OCTET_STRING,,R/W,1.00,,,
Zones X12,64,769,769,769,false,3329,,,20,OCTET_STRING,,R/W,1.00,,,
Zones X12,65,779,779,779,false,3339,,,20,OCTET_STRING,,R/W,1.00,,,
Zones X12,66,789,789,789,false,3349,,,20,OCTET_STRING,,R/W,1.00,,,
Zones X12,67,799,799,799,false,3359,,,20,OCTET_STRING,,R/W,1.00,,,
Zones X12,68,809,809,809,false,3369,,,20,OCTET_STRING,,R/W,1.00,,,
Zones X12,69,819,819,819,false,3379,,,20,OCTET_STRING,,R/W,1.00,,,
Zones X12,70,829,829,829,false,3389,,Time program 3,20,OCTET_STRING,,R/W,1.00,,,
Zones X12,71,839,839,839,false,3399,,,20,OCTET_STRING,,R/W,1.00,,,
Zones X12,72,849,849,849,false,3409,,,20,OCTET_STRING,,R/W,1.00,,,
Zones X12,73,859,859,859,false,3419,,,20,OCTET_STRING,,R/W,1.00,,,
Zones X12,74,869,869,869,false,3429,,,20,OCTET_STRING,,R/W,1.00,,,
Zones X12,75,879,879,879,false,3439,,,20,OCTET_STRING,,R/W,1.00,,,
Zones X12,76,889,889,889,false,3449,,,20,OCTET_STRING,,R/W,1.00,,,
Zones X12,77,899,899,899,false,3459,,Time program 4 Cooling,20,OCTET_STRING,,R/W,1.00,,,
Zones X12,78,909,909,909,false,3469,,,20,OCTET_STRING,,R/W,1.00,,,
Zones X12,79,919,919,919,false,3479,,,20,OCTET_STRING,,R/W,1.00,,,
Zones X12,80,929,929,929,false,3489,,,20,OCTET_STRING,,R/W,1.00,,,
Zones X12,81,939,939,939,false,3499,,,20,OCTET_STRING,,R/W,1.00,,,
Zones X12,82,949,949,949,false,3509,,,20,OCTET_STRING,,R/W,1.00,,,
Zones X12,83,959,959,959,false,3519,,,20,OCTET_STRING,,R/W,1.00,,,
Zones X12,84,960-970,960,970,true,Reserved for futur use,,,,,,,,,,reserved range in source; not expanded for gap count
Zones X12,85,971,971,971,false,3531,,Start Time holiday Mode,6,OCTET_STRING,"Absolute time in milliseconds after midnight and the number of days since January 1, 1984. Timestamp format : Time_Of_Day",R/W,1.00,,,
Zones X12,86,974,974,974,false,3534,,End Time holiday Mode,6,OCTET_STRING,"Absolute time in milliseconds after midnight and the number of days since January 1, 1984. Timestamp format : Time_Of_Day",R/W,1.00,,,
Zones X12,87,978,978,978,false,3538,,End change mode Time,6,OCTET_STRING,"Absolute time in milliseconds after midnight and the number of days since January 1, 1984. Timestamp format : Time_Of_Day",R/W,1.00,,,
Zones X12,88,979-990,979,990,true,Reserved for futur use,,,,,,,,,,reserved range in source; not expanded for gap count
Zones X12,89,981,981,981,false,3541,CP280 to CP289,Flow temperature set point requested during cooling,2,UINT16,"0,01°C",R/W,,,,
Zones X12,90,982-1099,982,1099,true,Reserved for futur use,,,,,,,,,,reserved range in source; not expanded for gap count
Zones X12,91,1100,1100,1100,false,3660,CM040 to CM049 or BM000,Temperature of the flow water in the zone. In the case of DHW this is the outgoing DHW temperature.,2,INT16,"0,01°C",R,1.00,,,
Zones X12,92,1101,1101,1101,false,3661,CM070 to CM079 or DM004,Current flow temperature setpoint,2,UINT16,"0,01°C",R,1.00,,,
Zones X12,93,1102,1102,1102,false,3662,CM190 to CM199,Current room temperature setpoint requested,2,INT16,"0,1°C",R,1.00,,,
Zones X12,94,1103,1103,1103,false,3663,CM210 to CM219,Zone Outside Temperature,2,INT16,"0,01°C",R,1.00,,,
Zones X12,95,1104,1104,1104,false,3664,CM030 to CM039,Current room temperature for zone,2,INT16,"0,1°C",R,1.00,,,
Zones X12,96,1105,1105,1105,false,3665,CM260 to CM269,High resolution room temperature measure used for the room temperature control of the zone module,2,INT16,"0,01°C",R/W,1.01,,,
Zones X12,97,1106,1106,1106,false,3666,CM150 to CM159,On off heat demand acitve,1,ENUM8,0 : OFF 1: ON,R,1.00,,,
Zones X12,98,1107,1107,1107,false,3667,CM130 to CM139 or DM019,Current active zone activity,1,ENUM8,0: Antifrost 1:Reduced 2:Comfort 3:Legionnel,R,1.00,,,
Zones X12,99,1108,1108,1108,false,3668,CM120 to CM129 or DM009,Current running mode on the Zone,1,ENUM8,0:Scheduling 1:Manual 2:Antifrost 3:Temporary 4:Holiday,R,1.00,,,
Zones X12,100,1109,1109,1109,false,3669,CM200 to CM209,Current mode that the zone is functioning in.,1,ENUM8,0:Standby 1:Heating 2:Cooling,R,1.00,,,
Zones X12,101,1110,1110,1110,false,3670,CM050 to CM059 or AM001,Zone pump is running,1,ENUM8,0 : NO 1: YES,R,1.00,,,
Zones X12,102,1111,1111,1111,false,3671,CM010 to CM019,Mixing valve closed,1,ENUM8,0 : NO 1: YES,R,1.00,,,
Zones X12,103,1112,1112,1112,false,3672,CM020 to CM029,Mixing valve Open,1,ENUM8,0 : NO 1: YES,R,1.00,,,
Zones X12,104,1113,1113,1113,false,3673,CM290 to CM299,Secondary Pump status used for the swimming Pool,1,ENUM8,0 : OFF 1: ON,R,1.00,,,
Zones X12,105,1114,1114,1114,false,3674,CM300 to CM309,Output status used for Electrical backup,1,ENUM8,0 : OFF 1: ON,R,1.00,,,
Zones X12,106,1115,1115,1115,false,3675,CC001 to CC009 or DC005,Numbers of hours pump has to run,4,UINT32,Hours,R,1.00,,,
Zones X12,107,1117,1117,1117,false,3677,CC010 to CC019 or DC002,Numbers of pump starts,4,UINT32,Units,R,1.00,,,
Zones X12,108,1119,1119,1119,false,3679,CM040 to CM049 or DM001,Tank temperature DHW tank (bottom sensor),2,INT16,"0,01°C",R,1.01,,,
Zones X12,109,1120,1120,1120,false,3680,CM250 to CM259 or DM006,Tank temperature DHW tank (Top sensor),2,INT16,"0,01°C",R,1.01,,,
BufferTank,4,7500,7500,7500,false,BP014,Hysteresis to start buffer loading,2,INT16,"0,01°C",R/W,1.00,,,,
BufferTank,5,7501,7501,7501,false,BP019,Hysteresis to stop buffer tank loading,2,INT16,"0,01°C",R/W,1.00,,,,
BufferTank,6,7502,7502,7502,false,BP015,Minimum duration of post-operation of the buffer tank pump,1,UINT8,1 Min,R/W,1.00,,,,
BufferTank,7,7503,7503,7503,false,BP002,Heating Cooling Control strategy used with buffer tank,1,ENUM8,0: Fixed Setpoint 1: Calculated Setpoint 2: Dedicated Slope,R/W,1.00,,,,
BufferTank,8,7504,7504,7504,false,BP003,Fixed setpoint requested by buffer tank in Heating Mode,2,UINT16,"0,01°C",R/W,1.00,,,,
BufferTank,9,7505,7505,7505,false,BP004,Fixed setpoint requested by buffer tank in Cooling Mode,2,UINT16,"0,01°C",R/W,1.00,,,,
BufferTank,10,7506,7506,7506,false,BP005,Buffer Tank Slope,1,UINT8,0.1,R/W,1.00,,,,
BufferTank,11,7507,7507,7507,false,BP013,Offset to add to the calculate Setpoint,2,UINT16,"0,01°C",R/W,1.00,,,,
BufferTank,12,7508,7508,7508,false,,Time program buffer tank,20,OCTET_STRING,,R/W,1.00,,,,
BufferTank,13,7518,7518,7518,false,,,20,OCTET_STRING,,R/W,1.00,,,,
BufferTank,14,7528,7528,7528,false,,,20,OCTET_STRING,,R/W,1.00,,,,
BufferTank,15,7538,7538,7538,false,,,20,OCTET_STRING,,R/W,1.00,,,,
BufferTank,16,7548,7548,7548,false,,,20,OCTET_STRING,,R/W,1.00,,,,
BufferTank,17,7558,7558,7558,false,,,20,OCTET_STRING,,R/W,1.00,,,,
BufferTank,18,7568,7568,7568,false,,,20,OCTET_STRING,,R/W,1.00,,,,
BufferTank,19,7578 -7599,7578,7599,true,Reserved for futur use,,,,,,,,,,reserved range in source; not expanded for gap count
BufferTank,20,7600,7600,7600,false,BM001,Measured buffer temperature bottom,2,INT16,"0,01°C",R,1.00,,,,
BufferTank,21,7601,7601,7601,false,BM002,Measured buffer temperature top,2,INT16,"0,01°C",R,1.00,,,,
BufferTank,22,7602,7602,7602,false,BM021,State buffer tank pump,1,ENUM8,0: OFF 1: ON,R,1.00,,,,
BufferTank,23,7603,7603,7603,false,BM020,The buffer tank Mode,1,ENUM8,0 : Decoupling Tank 1 : Storage Tank,R,1.00,,,,
BufferTank,24,7604,7604,7604,false,,Buffer Tank winning heat demand request : the winning heat demand requested by the zones connected after the buffer tank - Power,1,UINT8,0.01,R,1.00,,,,
BufferTank,25,7605,7605,7605,false,,Buffer Tank winning heat demand request : the winning heat demand requested by the zones connected after the buffer tank - temperature Setpoint,2,INT16,"0,01°C",R,,,,,
BufferTank,26,7606,7606,7606,false,,Buffer Tank winning heat demand request : the winning heat demand requested by the zones connected after the buffer tank - heatdemandType,1,UINT8,0 : None 1 : DHW primary 2 : DHW high priority 3 : Process heat 4 : Screed Drying 5 : DHW medium priority 6 : DHW low priority 7 : Central Heating 8 : Cooling 9 : Electrical active 10: Electrical Reactive,R,,,,,
Cascade,4,7000,7000,7000,false,,Appliance Number on cascade:,1,UINT8,1 :Master 3 - 127 : Slave 255: not part of cascade,R,1.00,,,,
Cascade,5,7001,7001,7001,false,NP014,Mode on cascade,1,ENUM8,0 :Automatic 1 : Heating Only 2 : Cooling Only,R/W,1.00,,,,
Cascade,6,7002,7002,7002,false,NP006,Type of Cascade : Traditional or PARALLEL,1,ENUM8,0 :TRADITIONAL 1 : PARALLEL,R/W,1.00,,,,
Cascade,7,7003,7003,7003,false,NP005,This parameter is used to set the master boiler.,1,UINT8,0: The master boiler switches automatically every 7 days 1 -127: The master boiler is always the one defined by this value,R/W,1.00,,,,
Cascade,8,7004,7004,7004,false,NP009,Time delay for starting up or shutting down producers,1,UINT8,Min,R/W,1.00,,,,
Cascade,9,7005,7005,7005,false,NP007,Outside temperature triggering all stages in parallel mode,2,INT16,"0,01°C",R/W,1.00,,,,
Cascade,10,7006,7006,7006,false,NP010,Outside temperature triggering all stages in parallel mode,2,INT16,"0,01°C",R/W,1.00,,,,
Cascade,11,7007,7007,7007,false,NP012,Rise Time to Acheive Setpoint,1,UINT8,0-10,R/W,1.00,,,,
Cascade,12,7008,7008,7008,false,AP083,"Enabled the master functionnality of this device one the S-Bus, If multople devices have this parameter all will be reset to 0 automatically,",1,ENUM8,0 : No 1: Yes,R/W,1.02,,,,
Cascade,13,7009,7009,7009,false,NP011,"choice of cascade algorithm type, power or temperature",1,ENUM8,0 : Temperature 1 : Power,R/W,1.02,,,,
Cascade,14,7010,7010,7010,false,NP289,The maximum flow temperature the système is allowed to produce,2,UINT16,"0,01°C",R/W,1.02,,,,
Cascade,15,7011,7011,7011,false,NP223,"the type of start order permutation, to determine which producer to start first",1,ENUM8,0 : Fixed Time 1: Operating hours,R/W,1.02,,,,
Cascade,16,7012,7012,7012,false,NP281,The time that needs to be elapsed before switching the appliance order,4,UINT16,Hours,R/W,1.02,,,,
Cascade,17,7013,7013,7013,false,NP224,"Time delay for starting and shutting down producers, to prevent repeatedly turning on/off producers.",2,UINT16,1s,R/W,1.02,,,,
Cascade,18,7014,7014,7014,false,NP225,Switching strategy for power control of the cascade.,1,ENUM8,0 : Late On Early Off 1: Early On Late Off 2: Late On Late Off,R/W,1.02,,,,
Cascade,19,7015,7015,7015,false,NP227,The preferred appliance for CH heat production,1,UINT8,0-255,R/W,1.02,,,,
Cascade,20,7016,7016,7016,false,NP228,The non-preferred appliance for CH heat production,1,UINT8,0-255,R/W,1.02,,,,
Cascade,21,7017,7017,7017,false,NP282,The power percentage for the late on strategy for activating the next appliance,1,UINT8,0.01,R/W,1.02,,,,
Cascade,22,7018,7018,7018,false,NP283,The power percentage for the late off strategy for deactivating the last appliance,1,UINT8,0.01,R/W,1.02,,,,
Cascade,23,7019,7019,7019,false,NP284,The power percentage for the early on strategy for activating the next appliance,1,UINT8,0.01,R/W,1.02,,,,
Cascade,24,7020,7020,7020,false,NP285,The power percentage for the early off strategy for deactivating the last appliance,1,UINT8,0.01,R/W,1.02,,,,
Cascade,25,7021,7021,7021,false,NP008,Minimum duration of post-operation of the generator pump,1,UINT8,Min,R/W,1.02,,,,
Cascade,26,7022,7022,7022,false,NP013,Force Primary Pump to Stop,1,ENUM8,0 : No 1: Yes,R/W,1.02,,,,
Cascade,27,7023,7023,7023,false,NP287,The type of primary pump,1,ENUM8,"0 : None (no pump connected) 1: On / Off (the pump relays switches on and off) 2 : PWM (relay is always active, pump is controlled over PWM) 3 : 0-10V (relay is always active, pump is controlled over 0-10V)",R/W,1.02,,,,
Cascade,28,7024,7024,7024,false,NP288,The type of secondary pump,1,ENUM8,"0 : None (no pump connected) 1: On / Off (the pump relays switches on and off) 2 : PWM (relay is always active, pump is controlled over PWM) 3 : 0-10V (relay is always active, pump is controlled over 0-10V)",R/W,1.02,,,,
Cascade,29,7024-7099,7024,7099,true,Reserved for future,,,,,,,,,,reserved range in source; not expanded for gap count
Cascade,30,7100,7100,7100,false,NM000,Producer Active Number,1,UINT8,1 -127,R,1.00,,,,
Cascade,31,7101,7101,7101,false,NM001,Cascade flow temperature,2,INT16,"0,01°C",R,1.00,,,,
Cascade,32,7102,7102,7102,false,NM028,Number of Producers recognised in the cascade,1,UINT8,0-255,R,1.00,,,,
Cascade,33,7103,7103,7103,false,NM022,Number of stages available on the Casacde,1,UINT8,0-255,R,1.00,,,,
Cascade,34,7104,7104,7104,false,NM023,Number of stages required on the Casacde,1,UINT8,0-255,R,1.00,,,,
Cascade,35,7105,7105,7105,false,,Cascade power request by the consumer manager - Power,1,UINT8,0.01,R,1.00,,,,
Cascade,36,7106,7106,7106,false,,Cascade power request by the consumer manager - - temperature Setpoint,2,INT16,"0,01°C",R,1.00,,,,
Cascade,37,7107,7107,7107,false,,Cascade power request by the consumer manager - heatdemandType,1,ENUM8,0 : None 1 : DHW primary 2 : DHW high priority 3 : Process heat 4 : Screed Drying 5 : DHW medium priority 6 : DHW low priority 7 : Central Heating 8 : Cooling 9 : Electrical active 10: Electrical Reactive,R,1.00,,,,
Cascade,38,7108,7108,7108,false,,Cascade System Power Setpoint Calculated - Power,1,UINT8,0.01,R,1.00,,,,
Cascade,39,7109,7109,7109,false,,Cascade System Power Setpoint Calculated - temperature Setpoint,2,INT16,"0,01°C",R,1.00,,,,
Cascade,40,7110,7110,7110,false,,Cascade System Power Setpoint Calculated - heatdemandType,1,ENUM8,0 : None 1 : DHW primary 2 : DHW high priority 3 : Process heat 4 : Screed Drying 5 : DHW medium priority 6 : DHW low priority 7 : Central Heating 8 : Cooling 9 : Electrical active 10: Electrical Reactive,R,1.00,,,,
Cascade,41,7111,7111,7111,false,,Actual power output of Appliance 1,1,UINT8,0.01,R,1.00,,,,
Cascade,42,7112,7112,7112,false,,Appliance 1 Flow Temperature,2,INT16,"0,01°C",R,1.00,,,,
Cascade,43,7113,7113,7113,false,,Appliance 1 Status,1,UINT8,"Bit 0: Pump Active Bit 1: Power Engine Active (burner, compressor or backup) Bit 2: DHW in progress Bit 3: CH possible Bit 4: DHW possible Bit 5: Cooling possible Bit 6: Electrical possible Bit 7: Locking present",R,1.00,,,,
Cascade,44,7114,7114,7114,false,,Appliance 1 Special Request,1,UINT8,Bit 0: Frost Protect Bit 1: Frost Protect Pump Only Bit 2: Chimney / commissioning mode Bit 3: Service Request,R,1.00,,,,
Cascade,45,7115,7115,7115,false,,Actual power output of Appliance 3,1,UINT8,0.01,R,1.00,,,,
Cascade,46,7116,7116,7116,false,,Appliance 3 Flow Temperature,2,INT16,"0,01°C",R,1.00,,,,
Cascade,47,7117,7117,7117,false,,Appliance 3 Status,1,UINT8,"Bit 0: Pump Active Bit 1: Power Engine Active (burner, compressor or backup) Bit 2: DHW in progress Bit 3: CH possible Bit 4: DHW possible Bit 5: Cooling possible Bit 6: Electrical possible Bit 7: Locking present",R,1.00,,,,
Cascade,48,7118,7118,7118,false,,Appliance 3 Special Request,1,UINT8,Bit 0: Frost Protect Bit 1: Frost Protect Pump Only Bit 2: Chimney / commissioning mode Bit 3: Service Request,R,1.00,,,,
Cascade,49,7119,7119,7119,false,,Actual power output of Appliance 4,1,UINT8,0.01,R,1.00,,,,
Cascade,50,7120,7120,7120,false,,Appliance 4 Flow Temperature,2,INT16,"0,01°C",R,1.00,,,,
Cascade,51,7121,7121,7121,false,,Appliance 4 Status,1,UINT8,"Bit 0: Pump Active Bit 1: Power Engine Active (burner, compressor or backup) Bit 2: DHW in progress Bit 3: CH possible Bit 4: DHW possible Bit 5: Cooling possible Bit 6: Electrical possible Bit 7: Locking present",R,1.00,,,,
Cascade,52,7122,7122,7122,false,,Appliance 4 Special Request,1,UINT8,Bit 0: Frost Protect Bit 1: Frost Protect Pump Only Bit 2: Chimney / commissioning mode Bit 3: Service Request,R,1.00,,,,
Cascade,53,7123,7123,7123,false,,Actual power output of Appliance 5,1,UINT8,0.01,R,1.00,,,,
Cascade,54,7124,7124,7124,false,,Appliance 5 Flow Temperature,2,INT16,"0,01°C",R,1.00,,,,
Cascade,55,7125,7125,7125,false,,Appliance 5 Status,1,UINT8,"Bit 0: Pump Active Bit 1: Power Engine Active (burner, compressor or backup) Bit 2: DHW in progress Bit 3: CH possible Bit 4: DHW possible Bit 5: Cooling possible Bit 6: Electrical possible Bit 7: Locking present",R,1.00,,,,
Cascade,56,7126,7126,7126,false,,Appliance 5 Special Request,1,UINT8,Bit 0: Frost Protect Bit 1: Frost Protect Pump Only Bit 2: Chimney / commissioning mode Bit 3: Service Request,R,1.00,,,,
Cascade,57,7127,7127,7127,false,,Actual power output of Appliance 6,1,UINT8,0.01,R,1.00,,,,
Cascade,58,7128,7128,7128,false,,Appliance 6 Flow Temperature,2,INT16,"0,01°C",R,1.00,,,,
Cascade,59,7129,7129,7129,false,,Appliance 6 Status,1,UINT8,"Bit 0: Pump Active Bit 1: Power Engine Active (burner, compressor or backup) Bit 2: DHW in progress Bit 3: CH possible Bit 4: DHW possible Bit 5: Cooling possible Bit 6: Electrical possible Bit 7: Locking present",R,1.00,,,,
Cascade,60,7130,7130,7130,false,,Appliance 6 Special Request,1,UINT8,Bit 0: Frost Protect Bit 1: Frost Protect Pump Only Bit 2: Chimney / commissioning mode Bit 3: Service Request,R,1.00,,,,
Cascade,61,7131,7131,7131,false,,Actual power output of Appliance 7,1,UINT8,0.01,R,1.00,,,,
Cascade,62,7132,7132,7132,false,,Appliance 7 Flow Temperature,2,INT16,"0,01°C",R,1.00,,,,
Cascade,63,7133,7133,7133,false,,Appliance 7 Status,1,UINT8,"Bit 0: Pump Active Bit 1: Power Engine Active (burner, compressor or backup) Bit 2: DHW in progress Bit 3: CH possible Bit 4: DHW possible Bit 5: Cooling possible Bit 6: Electrical possible Bit 7: Locking present",R,1.00,,,,
Cascade,64,7134,7134,7134,false,,Appliance 7 Special Request,1,UINT8,Bit 0: Frost Protect Bit 1: Frost Protect Pump Only Bit 2: Chimney / commissioning mode Bit 3: Service Request,R,1.00,,,,
Cascade,65,7135,7135,7135,false,,Actual power output of Appliance 8,1,UINT8,0.01,R,1.00,,,,
Cascade,66,7136,7136,7136,false,,Appliance 8 Flow Temperature,2,INT16,"0,01°C",R,1.00,,,,
Cascade,67,7137,7137,7137,false,,Appliance 8 Status,1,UINT8,"Bit 0: Pump Active Bit 1: Power Engine Active (burner, compressor or backup) Bit 2: DHW in progress Bit 3: CH possible Bit 4: DHW possible Bit 5: Cooling possible Bit 6: Electrical possible Bit 7: Locking present",R,1.00,,,,
Cascade,68,7138,7138,7138,false,,Appliance 8 Special Request,1,UINT8,Bit 0: Frost Protect Bit 1: Frost Protect Pump Only Bit 2: Chimney / commissioning mode Bit 3: Service Request,R,1.00,,,,
Cascade,69,7139,7139,7139,false,,Actual power output of Appliance 9,1,UINT8,0.01,R,1.00,,,,
Cascade,70,7140,7140,7140,false,,Appliance 9 Flow Temperature,2,INT16,"0,01°C",R,1.00,,,,
Cascade,71,7141,7141,7141,false,,Appliance 9 Status,1,UINT8,"Bit 0: Pump Active Bit 1: Power Engine Active (burner, compressor or backup) Bit 2: DHW in progress Bit 3: CH possible Bit 4: DHW possible Bit 5: Cooling possible Bit 6: Electrical possible Bit 7: Locking present",R,1.00,,,,
Cascade,72,7142,7142,7142,false,,Appliance 9 Special Request,1,UINT8,Bit 0: Frost Protect Bit 1: Frost Protect Pump Only Bit 2: Chimney / commissioning mode Bit 3: Service Request,R,1.00,,,,
Cascade,73,7143,7143,7143,false,,Actual power output of Appliance 10,1,UINT8,0.01,R,1.00,,,,
Cascade,74,7144,7144,7144,false,,Appliance 10 Flow Temperature,2,INT16,"0,01°C",R,1.00,,,,
Cascade,75,7145,7145,7145,false,,Appliance 10 Status,1,UINT8,"Bit 0: Pump Active Bit 1: Power Engine Active (burner, compressor or backup) Bit 2: DHW in progress Bit 3: CH possible Bit 4: DHW possible Bit 5: Cooling possible Bit 6: Electrical possible Bit 7: Locking present",R,1.00,,,,
Cascade,76,7146,7146,7146,false,,Appliance 10 Special Request,1,UINT8,Bit 0: Frost Protect Bit 1: Frost Protect Pump Only Bit 2: Chimney / commissioning mode Bit 3: Service Request,R,1.00,,,,
Cascade,77,7151,7151,7151,false,NM112,The requested power to fulfil the heat demand,4,UINT32,"0,1kW",R,1.02,,,,
Cascade,78,7153,7153,7153,false,NM026,Outside Temperature connected,1,ENUM8,0 : NO 1 : Yes,R,1.02,,,,
Cascade,79,7154,7154,7154,false,NM027,Outside Temperature Used by the Cascade,2,INT16,"0,01°C",R,1.02,,,,
Cascade,80,7155,7155,7155,false,NM170,The requested power percentage,2,INT16,1E-3,R,1.02,,,,
Cascade,81,7156,7156,7156,false,NM002,Current Time To Start next Stage,2,UINT16,0-60 Min,R,1.02,,,,
Cascade,82,7157,7157,7157,false,NM166,The activation of the primary pump relay,1,ENUM8,0 : Inactive 1: active,R,1.02,,,,
Cascade,83,7158,7158,7158,false,NM167,The activation of the secondary pump relay,1,ENUM8,0 : Inactive 1: active,R,1.02,,,,
Cascade,84,7159,7159,7159,false,NM163,The current state of the cascade system,1,ENUM8,0 : Standby 1 : Heat Demand 2 : Burner Start 3 : Burning CH 4 : Burning DHW 5 : Burner Stop 6: Pump Post Run 7: Cooling Active 8 : Controlled Stop 9 : Blocking Mode 10 : Locking Mode 11: CS Mode L CH 12 : CS Mode H CH 13 : CS Mode H DHW 14 : CS Mode Custom 15 : Manual Hd CH On 16 : Boiler Frost Prot 17 : DE Air 18 : CU Cooling 19 : Reset In Progress 200 : Auto Filling 21 : Halted 22 : Forced Calibration 23 : Factory Test 24 : Hydraulic Balancing Mode 200 : Device Mode 254 : Unknown,R,1.02,,,,
Cascade,85,7160,7160,7160,false,NC000,The amount of hours spend on producing heat for CH,4,UINT32,Hours,R,1.02,,,,
Cascade,86,7162,7162,7162,false,NC001,The amount of hours spend on producing heat for DHW,4,UINT32,Hours,R,1.02,,,,
Cascade,87,7164,7164,7164,false,NM165,The measured return temperature on the LLH,2,INT16,"0,01°C",R,1.02,,,,
Cascade,88,7165,7165,7165,false,,"Cascade, smart pump status - producer circuit of low loss header",2,UINT8,0-14,R,1.02,,,,
Cascade,89,7166,7166,7166,false,,The pump speed output after transfer function for pwm or 0-10V output signal for primary pump (producer circuit),1,UINT8,1E-3,R,1.02,,,,
Cascade,90,7167,7167,7167,false,,The pump speed output after transfer function for pwm or 0-10V output signal for secondary pump (consumer circuit),2,UINT8,1E-3,R,1.02,,,,
Cascade,91,7168,7168,7168,false,EM012,The measured cascade flow temperature on the secondary side of the LLH,2,INT16,"0,01°C",R,1.02,,,,
Cascade,92,7169,7169,7169,false,EM013,The measured cascade return temperature on the secondary side of the LLH,2,INT16,"0,01°C",R,1.02,,,,
Cascade,93,7170-7199,7170,7199,true,,Reserved for future,,,,,1.02,,,,reserved range in source; not expanded for gap count
Cascade,94,7200,7200,7200,false,NP231,The order in which the producers are going to be activated,1,UINT8,0-255,R/W,1.02,,,,
Cascade,95,7201,7201,7201,false,,Logical number that represents the physical location of a device within a cascade,1,UINT8,[ Type = 0 Serial Number = 0 Logical Number = 0 Element Number = 0 Lorder = 0 Logical Name State = Not Connected ],R/W,1.02,,,,
Cascade,96,7202,7202,7202,false,,The availability of the device for the cascade,1,ENUM8,[ Type = 0 Serial Number = 0 Logical Number = 0 Element Number = 0 Lorder = 0 Logical Name State = Not Connected ],R/W,1.02,,,,
Cascade,97,7203,7203,7203,false,EP001,The minimum power of an appliance in the cascade system,2,UINT16,"[ Power Rating = 20,0 State = None ]",R/W,1.02,,,,
Cascade,98,7205,7205,7205,false,EP086,The maximum power of an appliance in the cascade system,2,UINT16,"[ Power Rating = 100,0 State = None ]",R/W,1.02,,,,
Cascade,99,7207,7207,7207,false,NM113,List of appliances needed to fulfil the heat demand,1,UINT16,0-255,R,1.02,,,,
Cascade,100,7208,7208,7208,false,NM171,The temporary stored permutation order,1,UINT16,0-255,R,1.02,,,,
Cascade,101,7209,7209,7209,false,EM058,The status of all producers found on the S-Bus,1,ENUM8,0 : Standby 1 : Heat Demand 2 : Burner Start 3 : Burning CH 4 : Burning DHW 5 : Burner Stop 6: Pump Post Run 7: Cooling Active 8 : Controlled Stop 9 : Blocking Mode 10 : Locking Mode 11: CS Mode L CH 12 : CS Mode H CH 13 : CS Mode H DHW 14 : CS Mode Custom 15 : Manual Hd CH On 16 : Boiler Frost Prot 17 : DE Air 18 : CU Cooling 19 : Reset In Progress 200 : Auto Filling 21 : Halted 22 : Forced Calibration 23 : Factory Test 24 : Hydraulic Balancing Mode 200 : Device Mode 254 : Unknown,R,1.02,,,,
Cascade,102,7210,7210,7210,false,EM208,The generic error codes of all producers found on the S-Bus,1,UINT8,"[Error Code = 0,0 Error Category = 1,0]",R,1.02,,,,
Cascade,103,7211,7211,7211,false,EM068,Matrix describing the error priority and the error custom code per brand,4,UINT32,,R,1.02,,,,
Cascade,104,7213,7213,7213,false,EM078,Flow temperature of appliance. The temperature of the water leaving the appliance.,2,INT16,"0,01°C",R,1.02,,,,
Cascade,105,7214,7214,7214,false,EM088,The return temperature of an appliance in the cascade system,2,INT16,"0,01°C",R,1.02,,,,
Cascade,106,7215,7215,7215,false,EM098,The heat exchanger temperature of an appliance in the cascade system,2,INT16,"0,01°C",R,1.02,,,,
Cascade,107,7216,7216,7216,false,EM108,The flu gas temperature of an appliance in the cascade system,2,INT16,"0,1°C",R,1.02,,,,
Cascade,108,7217,7217,7217,false,EM118,Current or upcoming service notification,1,ENUM8,0 : None 1 : A 1 : B 2 : C 4 : Custom 5 : D,R,1.02,,,,
Cascade,109,7218,7218,7218,false,EM128,The water pressure of an appliance in the cascade system,2,UINT8,"0,1 bar",R,1.02,,,,
Cascade,110,7219,7219,7219,false,EM148,The 2nd return temperature of an appliance in the cascade system,2,INT16,"0,01°C",R,1.02,,,,
Cascade,111,7220,7220,7220,false,EM158,The current pump speed,2,UINT16,1E-3,R,1.02,,,,
Cascade,112,7221,7221,7221,false,EM168,Actual relative power of the appliance,2,UINT16,1E-4,R,1.02,,,,
Cascade,113,7222,7222,7222,false,EM178,Total number of burner hours. For heating and domestic hot water,4,UINT32,Hours,R,1.02,,,,
Cascade,114,7224,7224,7224,false,EM188,Number of burner hours for Domestic Hot Water,4,UINT32,Hours,R,1.02,,,,
Cascade,115,7226,7226,7226,false,EM198,Producer order listed with node id's,2,UINT8,0-255,R,1.02,,,,
Cascade,116,7227,7227,7227,false,EM218,The type of appliance in the cascade system,2,UINT16,0-65535,R,1.02,,,,
Cascade,117,7228,7228,7228,false,EM228,The serial number of an appliance in the cascade system,4,UINT32,0-4294967295,R/W,1.02,,,,
Solar,4,8112,8112,8112,false,SC129,Signal for storing the total solar thermal energy collected for DHW and CH.,4,UINT32,"0,001 kWh",R,1.02,,,,
Solar,5,8114,8114,8114,false,SM020,Signal for storing the actual status of the advanced solar range boiler,1,ENUM8,0 : OFF 1 : Standby 2: FrostProtection 3: PumpProtection 4: PanelProtection 5: DhwLoading 6: LoadingCH 7: Recooling 8: SolarTube,R,1.02,,,,
Solar,6,8115,8115,8115,false,SM036,Signal for storing the instantaneous mean rotation speed of the solar pumps.,2,UINT16,1E-3,R,1.02,,,,
Solar,7,8116,8116,8116,false,SM033,Signal for storing the actual measured instantaneous value of the DHW tank low temperature sensor.,2,INT16,"0,01°C",R,1.02,,,,
Solar,8,8117,8117,8117,false,SM034,Signal for storing the actual measured instantaneous value of the CH tank low temperature sensor.,2,INT16,"0,01°C",R,1.02,,,,
Solar,9,8118,8118,8118,false,SM023,Signal for storing the instantaneous temperature of the heat conduct. medium at the solar collector. - collector 1,2,INT16,"0,01°C",R,1.02,,,,
Solar,10,8119,8119,8119,false,SM024,Signal for storing the instantaneous temperature of the heat conduct. medium at the solar collector - collector 2,2,INT16,"0,01°C",R,1.02,,,,
Solar,11,8120,8120,8120,false,SM000,Signal for storing the instantaneous status of each three way valve (ON or OFF). - valve 1,1,ENUM8,0: OFF 1: ON,R,1.02,,,,
Solar,12,8121,8121,8121,false,SM001,Signal for storing the instantaneous status of each three way valve (ON or OFF). - valve 2,1,ENUM8,0: OFF 1: ON,R,1.02,,,,
Solar,13,8122,8122,8122,false,,Reduction of the setpoint of the DHW primary based on the heat delivery of a solar collector (solar first).,2,INT16,"0,01°C",R,1.02,,,,
Solar,14,8123,8123,8123,false,,Reduction of the setpoint of a buffered CH zone based on the heat delivery of a solar collector (solar first).,2,INT16,"0,01°C",R,1.02,,,,
Solar,15,8123 - 8140,8123,8140,true,reserved for futur,,,,,,,,,,reserved range in source; not expanded for gap count
Solar,16,8141,8141,8141,false,SP287,Configuration of the solar hydraulics installation type.,1,ENUM8,0 : NoSolar 1: LayeredTank 2: Standard 3: TwoTanks3WV 4 : EastWestPanels 5: TwoTanksPump 6: TwoTanksHeatExchange,R/W,1.02,,,,
Solar,17,8142,8142,8142,false,SP010,Parameter to configure the mode of the advanced solar DHW and/or CH function group.,1,ENUM8,0: OFF 1: DHW 2: CH 3 : DhwCh,R/W,1.02,,,,
Solar,18,8143,8143,8143,false,SP044,Parameter for nominal DHW tank T° setpoint.,2,UINT16,"0,01°C",R/W,1.02,,,,
Solar,19,8144,8144,8144,false,SP047,"Parameter for configuring the nominal setpoint to charge the CH tank with solar energy, possible values are within the range 8°C ~ 60°C",2,UINT16,"0,01°C",R/W,1.02,,,,
Solar,20,8145,8145,8145,false,Sp034,Parameter for configuring the maximum allowed temperature temperature in the solar panel.- collector 1,2,UINT16,"0,01°C",R/W,1.02,,,,
Solar,21,8146,8146,8146,false,Sp035,Parameter for configuring the maximum allowed temperature temperature in the solar panel - collector 2,2,UINT16,"0,01°C",R/W,1.02,,,,
Solar,22,8147,8147,8147,false,SP045,Parameter for maximal DHW tank T° setpoint.,2,UINT16,"0,01°C",R/W,1.02,,,,
Solar,23,8148,8148,8148,false,SP048,Parameter for maximal CH tank T° setpoint.,2,UINT16,"0,01°C",R/W,1.02,,,,
Solar,24,8149,8149,8149,false,SP182,Parameter for setting the minimal temperature rise corresponding to one step increase in pump speed.,2,UINT16,"0,01°C",R/W,1.02,,,,
Solar,25,8150,8150,8150,false,SP183,Parameter for setting the minimal temperature rise corresponding to one step increase in pump speed.,2,UINT16,"0,01°C",R/W,1.02,,,,
Thermodynamic Water Heater,5,9001,9001,9001,false,AP055,PV function Active,1,ENUM8,"How PV input must be used. 0 : no pv - pv input not used 1 : with HP only - pv input can enable boost PV mode, working with HP only 2 : with HP & backup - pv input can enable boost PV mode, working with HP and backup 3 : with backup only - pv input can enable boost PV mode, working with backup only",R/W,1.02,,,,
Thermodynamic Water Heater,6,9002,9002,9002,false,AP057,PV function Contact Logic,1,ENUM8,Logic contact to take into account for PV input: 0 : normalyOpen - PV input is considered active when PV input contact is open 1 : normalyClose - PV input is considered active when PV input contact is closed,R/W,1.02,,,,
Thermodynamic Water Heater,7,9003,9003,9003,false,DP512,Zone Dhw primary Boost PV Setpoint,2,UINT16,0.01 °C,R/W,1.02,,,,
Thermodynamic Water Heater,8,9004,9004,9004,false,AP024,Peak/OffPeak Active,1,ENUM8,How peak off / peak on input must be used. 0 : no - peak input not used 1 : yes - comfort / reduced mode is computed on peak input state instead of timeprogram,R/W,1.02,,,,
Thermodynamic Water Heater,9,9005,9005,9005,false,AP047,Peak input contact logic configuration,1,ENUM8,Logic contact to take into account for peak input: 0 : normalyOpen - peak input is considered active when peak input contact is open 1 : normalyClose - peak input is considered active when peak input contact is closed,R/W,1.02,,,,
Thermodynamic Water Heater,10,9006,9006,9006,false,HP149,Max time BackUp off when peak mode enabled,1,INT8,0.1 Hour,R/W,1.02,,,,
Thermodynamic Water Heater,11,9007,9007,9007,false,AM034,S_PhotoVoltaicInputState,1,ENUM8,0 : Open 1 : Closed 2: Off,R,1.02,,,,
Thermodynamic Water Heater,12,9008,9008,9008,false,AM032,S_PeakOffPeakInputState,1,ENUM8,0 : Open 1 : Closed 2: Off,R,1.02,,,,
Thermodynamic Water Heater,13,9009,9009,9009,false,HP059,Digital input 1 configuration,1,ENUM8,Digital input configuration 0 - off 1 - smartGrid 2 - release compressor 3 - release backup,R/W,1.02,,,,
Thermodynamic Water Heater,14,9010,9010,9010,false,HP076,Digital input 2 configuration,1,ENUM8,Digital input configuration 0 - off 1 - smartGrid 2 - release compressor 3 - release backup,R/W,1.02,,,,
Thermodynamic Water Heater,15,9011,9011,9011,false,HP077,digital input 1 contact logic configuration,1,ENUM8,Logic contact to take into account for digital input: 0 : normalyOpen - digital input is considered active when digital input contact is open 1 : normalyClose - digital input is considered active when digital input contact is closed,R/W,1.02,,,,
Thermodynamic Water Heater,16,9012,9012,9012,false,HP078,digital input 2 contact logic configuration,1,ENUM8,Logic contact to take into account for digital input: 0 : normalyOpen - digital input is considered active when digital input contact is open 1 : normalyClose - digital input is considered active when digital input contact is closed,R/W,1.02,,,,
Hybrid,4,9200,9200,9200,false,AM016,Flow temperature,2,INT16,"0,01°C",R,1.02,,,,
Hybrid,5,9201,9201,9201,false,AM018,Return temperature,2,INT16,"0,01°C",R,1.02,,,,
Hybrid,6,9202,9202,9202,false,AM101,Internal setpoint used for hot water production,2,UINT16,"0,01°C",R,1.02,,,,
Hybrid,7,9203,9203,9203,false,AM019,actual Water pressure,1,UINT8,"0,1 bar",R,1.02,,,,
Hybrid,8,9204,9204,9204,false,AM012,Status of appliance,1,UINT8,0-255 cf appliance manual,R,1.02,,,,
Hybrid,9,9205,9205,9205,false,AM014,Sub Status of appliance,1,UINT8,0-255 cf appliance manual,R,1.02,,,,
Hybrid,10,9206,9206,9206,false,PC002,Counter burner/compressor starts,4,UINT32,Unit,R,1.02,,,,
Hybrid,11,9208,9208,9208,false,PC003,Counter Burning Hours,4,UINT32,Hours,R,1.02,,,,
Hybrid,12,9210,9210,9210,false,AC001,Number of hours appliance was active,4,UINT32,Hours,R,1.02,,,,
Hybrid,13,9212,9212,9212,false,AC005,NTotal energy consumed for production of central heat,4,UINT32,1 kWh,R,1.02,,,,
Hybrid,14,9214,9214,9214,false,AC006,Total energy consumed for production of domestic hot water.,4,UINT32,1 kWh,R,1.02,,,,
Hybrid,15,9216,9216,9216,false,HM003,system flow temperature setpoint including backups,2,UINT16,"0,01°C",R,1.02,,,,
Hybrid,16,9217,9217,9217,false,AM010,current pump speed,2,UINT16,1E-3,R,1.02,,,,
Hybrid,17,9218,9218,9218,false,AM047,signal used to capture actual power calculation,4,UINT32,"0,01kW",R,1.02,,,,
Hybrid,18,9220,9220,9220,false,AM011,Service is required,1,UINT8,0: No 1: Yes,R,1.02,,,,
Hybrid,19,9221,9221,9221,false,HP061,Hybrid mode selected,1,ENUM8,0 : No Hybrid 1 : Hybrid Cost 2 : Hybrid Primary Energy 3 : Hybrid CO2,R/W,1.02,,,,
Hybrid,20,9222,9222,9222,false,HP062,Hybrid Electricity cost in high tarif,1,UINT8,1,R/W,1.02,,,,
Hybrid,21,9223,9223,9223,false,HP063,Hybrid Electricity cost in low tarif,1,UINT8,1,R/W,1.02,,,,
Hybrid,22,9224,9224,9224,false,HP064,cost of ofssil energy (oil or gas) - piece per litre or peu m3,1,UINT8,1,R/W,1.02,,,,
Hybrid,23,9225,9225,9225,false,HP065,Electrical CO2 emission in heating mode,1,UINT8,1,R/W,1.02,,,,
Hybrid,24,9226,9226,9226,false,HP066,Electrical CO2 emission in DHW mode,1,UINT8,1,R/W,1.02,,,,
Hybrid,25,9227,9227,9227,false,HP067,Gas or Oil CO2 emission,1,UINT8,1,R/W,1.02,,,,
Hybrid,26,9228,9228,9228,false,HP068,Boiler in appliance efficiency,1,UINT8,0.01,R/W,1.02,,,,
Hybrid,27,9229,9229,9229,false,HP054,COP threshold above which heat pump is authorized to operate when hybrid mode is primary energy,2,UINT16,0.01,R/W,1.02,,,,
Hybrid,28,9230,9230,9230,false,HM031,Instantaneous COP calculated by Hybrid application,2,UINT16,0.001,R,1.02,,,,
Hybrid,29,9231,9231,9231,false,HM032,COP threshold calculated by hybrid,2,UINT16,0.001,R,1.02,,,,
Hybrid,30,9232,9232,9232,false,HP062,Hybrid Electricity cost in high tarif accurate,2,UINT16,0.01,R/W,1.03,,,,
Hybrid,31,9233,9233,9233,false,HP063,Hybrid Electricity cost in low tarif accurate,2,UINT16,0.01,R/W,1.03,,,,
Hybrid,32,9234,9234,9234,false,HP064,cost of fossil energy (oil or gas) - piece per litre or per m3 accurate,2,UINT16,0.01,R/W,1.03,,,,
BMS,4,21003 - 21019,21003,21019,true,reserved for futur,,,,,,,,,,reserved range in source; not expanded for gap count
BMS,5,21020,21020,21020,false,,The heat demand mode which is used in case of a communication error,1,ENUM8,0 : MaintainLastHeatDemand 1 : UseFallbackHeatDemand,R/W,1.02,,,,
BMS,6,21021,21021,21021,false,,Fallback strategy to apply,1,ENUM8,0 : No heating or cooling 1 : Fallback Heat Demand 2 : Temporary Fallback Heat Demand,R/W,1.02,,,,
BMS,7,21022,21022,21022,false,,Number Of Minutes To Maintain Heat Demand in fallback mode,1,UINT8,0 - 255 min,R/W,1.02,,,,
BMS,8,21023,21023,21023,false,,fallback power setpoint,1,UINT8,%,R/W,1.02,,,,
BMS,9,21024,21024,21024,false,,fallback temperature setpoint,2,INT16,°C,R/W,1.02,,,,
BMS,10,21025,21025,21025,false,,fallback heat demand type,1,ENUM8,0 : Off 1 : Temperature Control 2 : Power Control,R/W,1.02,,,,
BMS,11,21026,21026,21026,false,EP014,0 - 10V input selection (temperature or power setpoint),1,ENUM8,0 : Off 1 : Temperature Control 2 : Power Control,R/W,1.02,,,,
BMS,12,21027,21027,21027,false,EM010,Measure of the Voltage on the 0-10V Input,1,UINT8,"0,1V",R,1.02,,,,
BMS,13,21028,21028,21028,false,AP110,Parameter to activate the 2nd return sensor,1,ENUM8,0 : Inactive 1 : Active,R/W,1.02,,,,
BMS,14,21029,21029,21029,false,,Second return temperature,2,INT16,"0,01°C",R,1.02,,,,
BMS,15,21030,21030,21030,false,GP017,Absolute max boiler power in KW. This is the power the device can produce when burner parameters are set at maximum.,2,UINT16,"0,1kW",R/W,1.02,,,,
